1,1/1/2018,300,300,300,300,300,300,300,300,300,300,300,300,300,300,300,300,300,300,300,300,300,300,300,300,300,300,365.979,444.305,527.179,605.642,687.08,769.586,864.293,944.695
2,1/2/2018,300,300,300,300,300,300,300,300,300,300,300,300,300,300,300,300,300,300,300,300,300,300,300,300,300,300,373.092,451.274,533.985,612.406,695.598,777.388,871.68,951.735
3,1/3/2018,300,300,300,300,300,300,300,300,300,300,300,300,300,300,300,300,300,300,300,300,300,300,300,300,300,300,380.17,458.15,540.83,619.228,703.418,784.117,878.126,949.7
4,1/4/2018,300,300,300,300,300,300,300,300,300,300,300,300,300,300,300,300,300,300,300,300,300,300,300,300,300,307.185,387.213,464.739,547.717,626.109,709.699,790.993,884.853,949.7
5,1/5/2018,300,300,300,300,300,300,300,300,300,300,300,300,300,300,300,300,300,300,300,300,300,300,300,300,300,313.607,394.22,471.397,554.643,633.049,716.171,798.293,891.861,949.7
6,1/6/2018,300,300,300,300,300,300,300,300,300,300,300,300,300,300,300,300,300,300,300,300,300,300,300,300,300,320.065,401.123,478.122,561.655,640.048,722.834,805.944,899.503,949.7
7,1/7/2018,300,300,300,300,300,300,300,300,300,300,300,300,300,300,300,300,300,300,300,300,300,300,300,300,300,326.558,407.91,484.915,568.704,647.105,729.689,813.672,907.322,949.7
8,1/8/2018,300,300,300,300,300,300,300,300,300,300,300,300,300,300,300,300,300,300,300,300,300,300,300,300,300,333.088,414.719,491.776,575.781,654.221,736.735,821.804,914.883,949.7
9,1/9/2018,300,300,300,300,300,300,300,300,300,300,300,300,300,300,300,300,300,300,300,300,300,300,300,300,300,339.653,421.55,498.705,582.887,661.395,743.983,829.89,921.706,949.7
10,1/10/2018,300,300,300,300,300,300,300,300,300,300,300,300,300,300,300,300,300,300,300,300,300,300,300,300,300,346.255,428.403,505.703,590.022,668.804,751.74,836.864,928.249,949.7
11,1/11/2018,300,300,300,300,300,300,300,300,300,300,300,300,300,300,300,300,300,300,300,300,300,300,300,300,300,352.843,435.277,512.718,597.185,676.346,759.576,842.978,935.019,949.7
12,1/12/2018,300,300,300,300,300,300,300,300,300,300,300,300,300,300,300,300,300,300,300,300,300,300,300,300,300,359.448,442.174,519.765,604.377,683.916,767.491,850.434,942.015,949.7
13,1/13/2018,300,300,300,300,300,300,300,300,300,300,300,300,300,300,300,300,300,300,300,300,300,300,300,300,304,366.115,449.047,526.901,611.598,691.515,775.486,858.595,949.238,949.7
14,1/14/2018,300,300,300,300,300,300,300,300,300,300,300,300,300,300,300,300,300,300,300,300,300,300,300,300,304,372.844,455.895,534.125,618.847,699.143,783.56,866.575,949.7,949.7
15,1/15/2018,300,300,300,300,300,300,300,300,300,300,300,300,300,300,300,300,300,300,300,300,300,300,300,300,304,379.635,462.799,541.438,626.126,706.799,791.713,874.374,949.7,949.7
16,1/16/2018,300,300,300,300,300,300,300,300,300,300,300,300,300,300,300,300,300,300,300,300,300,300,300,300,304,386.489,469.758,548.84,633.437,714.485,799.903,881.991,949.7,949.7
17,1/17/2018,300,300,300,300,300,300,300,300,300,300,300,300,300,300,300,300,300,300,300,300,300,300,300,300,323.719,393.405,476.771,556.33,640.777,722.198,807.92,889.426,949.7,949.7
18,1/18/2018,300,300,300,300,300,300,300,300,300,300,300,300,300,300,300,300,300,300,300,300,300,300,300,300,330.586,400.407,483.84,563.909,648.145,729.941,816.137,896.627,949.7,949.7
19,1/19/2018,300,300,300,300,300,300,300,300,300,300,300,300,300,300,300,300,300,300,300,300,300,300,300,300,337.477,407.525,490.963,571.577,655.541,737.712,824.554,903.617,949.7,949.7
20,1/20/2018,300,300,300,300,300,300,300,300,300,300,300,300,300,300,300,300,300,300,300,300,300,300,300,300,344.373,414.677,498.137,579.333,662.965,745.512,833.169,912.459,949.7,949.7
21,1/21/2018,300,300,300,300,300,300,300,300,300,300,300,300,300,300,300,300,300,300,300,300,300,300,300,300,351.105,421.863,505.332,587.21,670.417,753.341,841.985,920.301,949.7,949.7
22,1/22/2018,300,300,300,300,300,300,300,300,300,300,300,300,300,300,300,300,300,300,300,300,300,300,300,300,357.905,429.083,512.596,595.333,677.896,761.199,851,925.834,949.7,949.7
23,1/23/2018,300,300,300,300,300,300,300,300,300,300,300,300,300,300,300,300,300,300,300,300,300,300,300,300,364.775,436.337,519.927,603.442,685.404,769.085,860.888,932.212,949.7,949.7
24,1/24/2018,300,300,300,300,300,300,300,300,300,300,300,300,300,300,300,300,300,300,300,300,300,300,300,300,371.714,443.626,527.328,611.539,692.94,777,870.512,939.576,949.7,949.7
25,1/25/2018,300,300,300,300,300,300,300,300,300,300,300,300,300,300,300,300,300,300,300,300,300,300,300,304.933,378.721,450.914,534.796,619.624,700.504,784.944,879.855,947.924,949.7,949.7
26,1/26/2018,300,300,300,300,300,300,300,300,300,300,300,300,300,300,300,300,300,300,300,300,300,300,300,313.131,385.798,458.172,542.333,627.644,708.095,792.916,888.917,949.7,949.7,949.7
27,1/27/2018,300,300,300,300,300,300,300,300,300,300,300,300,300,300,300,300,300,300,300,300,300,300,300,321.182,392.944,465.504,549.999,635.366,715.715,800.917,897.696,949.7,949.7,949.7
28,1/28/2018,300,300,300,300,300,300,300,300,300,300,300,300,300,300,300,300,300,300,300,300,300,300,300,329.088,400.159,472.908,557.834,643.108,723.363,808.947,906.195,949.7,949.7,949.7
29,1/29/2018,300,300,300,300,300,300,300,300,300,300,300,300,300,300,300,300,300,300,300,300,300,300,300,336.847,407.443,480.385,565.669,650.87,731.038,816.623,914.412,949.7,949.7,949.7
30,1/30/2018,300,300,300,300,300,300,300,300,300,300,300,300,300,300,300,300,300,300,300,300,300,300,300,344.271,414.796,487.934,573.504,658.652,738.742,824.226,922.347,949.7,949.7,949.7
31,1/31/2018,300,300,300,300,300,300,300,300,300,300,300,300,300,300,300,300,300,300,300,300,300,300,300,351.487,422.401,495.557,581.339,666.454,746.474,831.984,930.001,949.7,949.7,949.7
32,2/1/2018,300,300,300,300,300,300,300,300,300,300,300,300,300,300,300,300,300,300,300,300,300,300,300,358.748,430.374,503.457,589.174,674.276,754.233,839.897,937.373,949.7,949.7,949.7
33,2/2/2018,300.143,300.143,300.143,300.143,300.143,300.143,300.143,300.143,300.143,300.143,300.143,300.143,300.143,300.143,300.143,300.143,300,300,300,300,300,300,300,366.055,438.352,511.449,597.009,682.119,762.021,847.965,944.464,949.7,949.7,949.7
34,2/3/2018,297.114,297.114,297.114,297.114,297.114,297.114,297.114,297.114,297.114,297.114,297.114,297.114,297.114,297.114,297.114,297.114,297.114,297.114,297.114,297.114,300,300,305.974,373.407,446.333,519.397,604.873,689.981,769.836,856.187,949.7,949.7,949.7,949.7
35,2/4/2018,294.015,294.015,294.015,294.015,294.015,294.015,294.015,294.015,294.015,294.015,294.015,294.015,294.015,294.015,294.015,294.015,294.015,294.015,294.015,294.015,300,300,313.098,380.794,454.318,527.302,612.726,697.864,777.68,864.565,949.7,949.7,949.7,949.7
36,2/5/2018,290.846,290.846,290.846,290.846,290.846,290.846,290.846,290.846,290.846,290.846,290.846,290.846,290.846,290.846,290.846,290.846,290.846,290.846,290.846,290.846,300,300,320.266,388.228,462.306,535.163,620.568,705.767,785.552,873.097,949.7,949.7,949.7,949.7
37,2/6/2018,287.607,287.607,287.607,287.607,287.607,287.607,287.607,287.607,287.607,287.607,287.607,287.607,287.607,287.607,287.607,287.607,287.607,287.607,287.607,287.607,300,300,327.477,395.708,470.299,542.981,628.399,713.69,793.451,881.784,949.7,949.7,949.7,949.7
38,2/7/2018,284.298,284.298,284.298,284.298,284.298,284.298,284.298,284.298,284.298,284.298,284.298,284.298,284.298,284.298,284.298,284.298,284.298,284.298,284.298,284.298,300,300,334.732,403.237,478.296,550.503,636.22,721.633,801.379,890.626,949.7,949.7,949.7,949.7
39,2/8/2018,280.918,280.918,280.918,280.918,280.918,280.918,280.918,280.918,280.918,280.918,280.918,280.918,280.918,280.918,280.918,280.918,280.918,280.918,280.918,280.918,300,275.479,342.03,410.813,486.297,557.857,644.03,729.597,809.334,899.623,949.7,949.7,949.7,949.7
40,2/9/2018,277.469,277.469,277.469,277.469,277.469,277.469,277.469,277.469,277.469,277.469,277.469,277.469,277.469,277.469,277.469,277.469,277.469,277.469,277.469,277.469,300,282.976,349.371,418.436,494.301,565.337,651.719,737.58,817.318,908.775,949.7,949.7,949.7,949.7
41,2/10/2018,274.229,274.229,274.229,274.229,274.229,274.229,274.229,274.229,274.229,274.229,274.229,274.229,274.229,274.229,274.229,274.229,274.229,274.229,274.229,274.229,300,290.464,356.763,426.107,502.31,572.942,659.393,745.584,825.329,918.082,949.7,949.7,949.7,949.7
42,2/11/2018,270.976,270.976,270.976,270.976,270.976,270.976,270.976,270.976,270.976,270.976,270.976,270.976,270.976,270.976,270.976,270.976,270.976,270.976,270.976,270.976,300,297.943,364.196,433.826,510.322,580.673,667.112,753.608,833.368,927.543,949.7,949.7,949.7,949.7
43,2/12/2018,267.458,267.458,267.458,267.458,267.458,267.458,267.458,267.458,267.458,267.458,267.458,267.458,267.458,267.458,267.458,267.458,267.458,267.458,267.458,267.458,300,305.318,371.669,441.592,518.339,588.528,674.876,761.652,841.436,937.16,949.7,949.7,949.7,949.7
44,2/13/2018,263.673,263.673,263.673,263.673,263.673,263.673,263.673,263.673,263.673,263.673,263.673,263.673,263.673,263.673,263.673,263.673,263.673,263.673,263.673,263.673,300,312.704,379.183,449.405,526.359,596.53,682.684,769.716,849.531,946.931,949.7,949.7,949.7,949.7
45,2/14/2018,259.623,259.623,259.623,259.623,259.623,259.623,259.623,259.623,259.623,259.623,259.623,259.623,259.623,259.623,259.623,259.623,259.623,259.623,259.623,259.623,300,320.12,386.738,457.266,534.383,605.198,690.536,777.8,857.655,949.7,949.7,949.7,949.7,949.7
46,2/15/2018,255.306,255.306,255.306,255.306,255.306,255.306,255.306,255.306,255.306,255.306,255.306,255.306,255.306,255.306,255.306,255.306,255.306,255.306,255.306,255.306,300,327.564,394.333,465.175,542.412,613.763,698.461,785.904,865.806,949.7,949.7,949.7,949.7,949.7
47,2/16/2018,251.262,251.262,251.262,251.262,251.262,251.262,251.262,251.262,251.262,251.262,251.262,251.262,251.262,251.262,251.262,251.262,251.262,251.262,251.262,251.262,300,335.038,402.035,473.216,550.444,622.223,706.508,794.029,873.985,949.7,949.7,949.7,949.7,949.7
48,2/17/2018,246.638,246.638,246.638,246.638,246.638,246.638,246.638,246.638,246.638,246.638,246.638,246.638,246.638,246.638,246.638,246.638,246.638,246.638,246.638,246.638,258.648,342.541,409.801,481.396,558.284,630.579,714.555,802.269,882.193,949.7,949.7,949.7,949.7,949.7
49,2/18/2018,241.429,241.429,241.429,241.429,241.429,241.429,241.429,241.429,241.429,241.429,241.429,241.429,241.429,241.429,241.429,241.429,241.429,241.429,241.429,241.429,266.992,350.032,417.567,489.581,566.13,638.831,722.601,810.749,890.428,949.7,949.7,949.7,949.7,949.7
50,2/19/2018,235.635,235.635,235.635,235.635,235.635,235.635,235.635,235.635,235.635,235.635,235.635,235.635,235.635,235.635,235.635,235.635,235.635,235.635,235.635,235.635,275.291,357.446,425.332,497.77,574.019,646.949,730.648,819.193,898.691,949.7,949.7,949.7,949.7,949.7
51,2/20/2018,229.157,229.157,229.157,229.157,229.157,229.157,229.157,229.157,229.157,229.157,229.157,229.157,229.157,229.157,229.157,229.157,229.157,229.157,229.157,230,283.544,364.948,433.098,505.963,581.953,654.559,738.695,827.602,906.983,949.7,949.7,949.7,949.7,949.7
52,2/21/2018,222.077,222.077,222.077,222.077,222.077,222.077,222.077,222.077,222.077,222.077,222.077,222.077,222.077,222.077,222.077,222.077,222.077,222.077,222.077,229.937,291.753,372.538,440.864,514.16,589.93,662.227,746.725,835.975,915.302,949.7,949.7,949.7,949.7,949.7
53,2/22/2018,214.474,214.474,214.474,214.474,214.474,214.474,214.474,214.474,214.474,214.474,214.474,214.474,214.474,214.474,214.474,214.474,214.474,214.474,214.474,237.32,299.917,380.214,448.612,522.362,597.95,669.954,754.58,844.312,923.649,949.7,949.7,949.7,949.7,949.7
54,2/23/2018,206.346,206.346,206.346,206.346,206.346,206.346,206.346,206.346,206.346,206.346,206.346,206.346,206.346,206.346,206.346,206.346,206.346,206.346,206.346,244.755,308.036,387.979,456.184,530.567,606.014,677.738,762.511,852.614,932.025,949.7,949.7,949.7,949.7,949.7
55,2/24/2018,198.88,198.88,198.88,198.88,198.88,198.88,198.88,198.88,198.88,198.88,198.88,198.88,198.88,198.88,198.88,198.88,198.88,198.88,202.059,252.243,316.11,395.831,463.829,538.777,614.122,685.581,770.519,860.88,940.428,949.7,949.7,949.7,949.7,949.7
56,2/25/2018,191.208,191.208,191.208,191.208,191.208,191.208,191.208,191.208,191.208,191.208,191.208,191.208,191.208,191.208,191.208,191.208,191.208,191.208,208.668,259.784,324.139,403.947,471.546,546.99,622.274,693.482,778.605,869.111,948.859,949.7,949.7,949.7,949.7,949.7
57,2/26/2018,181.83,181.83,181.83,181.83,181.83,181.83,181.83,181.83,181.83,181.83,181.83,181.83,181.83,181.83,181.83,181.83,181.83,181.83,215.321,267.379,332.123,412.133,479.337,555.211,630.469,701.47,786.767,877.306,949.7,949.7,949.7,949.7,949.7,949.7
58,2/27/2018,171.961,171.961,171.961,171.961,171.961,171.961,171.961,171.961,171.961,171.961,171.961,171.961,171.961,171.961,171.961,171.961,171.961,171.961,222.016,275.026,340.061,420.318,487.2,563.439,638.708,709.523,795.007,885.465,949.7,949.7,949.7,949.7,949.7,949.7
59,2/28/2018,150,150,150,150,150,150,150,150,150,150,150,150,150,150,150,150,150,164.223,228.754,282.726,347.955,428.504,495.137,571.671,646.99,717.615,803.498,893.589,949.7,949.7,949.7,949.7,949.7,949.7
60,3/1/2018,50,50,50,50,50,50,50,50,50,50,50,50,50,50,58,90,130,170.181,235.535,290.479,355.704,436.689,503.268,579.905,655.413,725.747,812.004,901.677,949.7,949.7,949.7,949.7,949.7,949.7
61,3/2/2018,50,50,50,50,50,50,50,50,50,50,50,50,50,50,58.672,93.22,132.099,176.223,242.359,298.285,363.367,444.875,511.489,588.142,664.013,733.918,820.511,909.73,949.7,949.7,949.7,949.7,949.7,949.7
62,3/3/2018,50,50,50,50,50,50,50,50,50,50,50,50,50,50,62.917,97.686,137.757,182.349,249.226,306.145,371.049,453.244,519.706,596.383,672.62,742.129,829.018,917.747,949.7,949.7,949.7,949.7,949.7,949.7
63,3/4/2018,50,50,50,50,50,50,50,50,50,50,50,50,50,50,67.272,102.289,143.47,188.558,255.756,314.057,378.748,461.641,527.919,604.626,681.235,750.451,837.524,925.729,949.7,949.7,949.7,949.7,949.7,949.7
64,3/5/2018,50,50,50,50,50,50,50,50,50,50,50,50,50,50,71.738,107.029,149.237,194.851,262.435,322.022,386.466,469.93,536.126,612.873,689.858,758.822,846.028,933.674,949.7,949.7,949.7,949.7,949.7,949.7
65,3/6/2018,50,50,50,50,50,50,50,50,50,50,50,50,50,50,76.314,111.907,155.059,201.228,269.286,330.04,394.202,478.111,544.33,621.122,698.489,767.186,854.516,941.585,949.7,949.7,949.7,949.7,949.7,949.7
66,3/7/2018,50,50,50,50,50,50,50,50,50,50,50,50,50,50.761,81.001,116.923,160.936,207.689,276.309,338.111,401.954,486.184,552.438,629.375,707.128,775.545,863.012,949.459,949.7,949.7,949.7,949.7,949.7,949.7
67,3/8/2018,50,50,50,50,50,50,50,50,50,50,50,50,50,55.097,85.798,122.34,166.867,214.233,283.504,346.236,409.599,494.148,560.557,637.631,715.774,783.898,871.516,949.7,949.7,949.7,949.7,949.7,949.7,949.7
68,3/9/2018,50,50,50,50,50,50,50,50,50,50,50,50,50,59.478,90.705,127.967,172.853,220.867,290.871,354.617,417.329,501.52,568.714,645.89,724.429,792.244,880.028,949.7,949.7,949.7,949.7,949.7,949.7,949.7
69,3/10/2018,50,50,50,50,50,50,50,50,50,50,50,50,50,63.903,95.723,133.639,178.893,227.795,298.411,363.293,425.145,508.498,576.908,654.152,733.091,800.257,888.549,949.7,949.7,949.7,949.7,949.7,949.7,949.7
70,3/11/2018,50,50,50,50,50,50,50,50,50,50,50,50,50,68.372,100.875,139.356,184.987,234.764,306.664,371.964,433.046,515.708,585.139,662.417,741.761,808.322,897.078,949.7,949.7,949.7,949.7,949.7,949.7,949.7
71,3/12/2018,50,50,50,50,50,50,50,50,50,50,50,50,50,72.887,106.22,145.118,191.137,241.776,314.987,380.631,441.021,523.149,593.408,670.287,750.439,816.534,905.616,949.7,949.7,949.7,949.7,949.7,949.7,949.7
72,3/13/2018,50,50,50,50,50,50,50,50,50,50,50,50,50,77.445,111.628,150.926,197.341,248.829,323.231,389.293,449.052,530.823,601.781,678.127,759.124,824.892,914.162,949.7,949.7,949.7,949.7,949.7,949.7,949.7
73,3/14/2018,50,50,50,50,50,50,50,50,50,50,50,50,50,82.049,117.101,156.779,203.599,255.923,331.398,397.95,457.194,538.729,610.194,686.035,767.818,833.398,922.716,949.7,949.7,949.7,949.7,949.7,949.7,949.7
74,3/15/2018,50,50,50,50,50,50,50,50,50,50,50,50,51.315,86.697,122.637,162.676,209.912,263.06,339.486,406.603,465.446,546.869,618.606,694.011,776.519,842.051,931.278,949.7,949.7,949.7,949.7,949.7,949.7,949.7
75,3/16/2018,50,50,50,50,50,50,50,50,50,50,50,50,54.887,91.389,128.238,168.619,216.279,270.238,347.496,415.251,473.808,556.116,627.019,702.055,785.229,851.415,939.849,949.7,949.7,949.7,949.7,949.7,949.7,949.7
76,3/17/2018,50,50,50,50,50,50,50,50,50,50,50,50,58.556,96.127,133.944,174.622,222.702,277.457,355.009,423.895,482.562,565.216,635.432,710.167,793.946,860.914,948.428,949.7,949.7,949.7,949.7,949.7,949.7,949.7
77,3/18/2018,50,50,50,50,50,50,50,50,50,50,50,50,62.323,100.908,139.806,180.848,229.178,284.719,362.427,432.534,491.698,574.17,643.845,718.346,802.67,870.209,949.7,949.7,949.7,949.7,949.7,949.7,949.7,949.7
78,3/19/2018,50,50,50,50,50,50,50,50,50,50,50,50,66.189,105.603,145.699,187.093,235.709,292.022,369.987,441.168,500.766,582.979,652.409,726.594,811.403,879.299,949.7,949.7,949.7,949.7,949.7,949.7,949.7,949.7
79,3/20/2018,50,50,50,50,50,50,50,50,50,50,50,50,70.152,110.359,151.624,193.358,242.295,299.366,377.69,449.798,509.767,591.641,660.972,734.909,820.143,888.184,949.7,949.7,949.7,949.7,949.7,949.7,949.7,949.7
80,3/21/2018,50,50,50,50,50,50,50,50,50,50,50,50,74.213,115.179,157.581,199.643,248.935,306.481,385.536,458.423,518.701,599.95,669.452,743.292,828.892,896.864,949.7,949.7,949.7,949.7,949.7,949.7,949.7,949.7
81,3/22/2018,50,50,50,50,50,50,50,50,50,50,50,51.876,78.372,120.063,163.569,205.946,255.63,313.583,393.525,467.044,527.568,607.881,677.848,751.743,837.648,905.339,949.7,949.7,949.7,949.7,949.7,949.7,949.7,949.7
82,3/23/2018,50,50,50,50,50,50,50,50,50,50,50,55.969,82.629,125.011,169.588,212.269,262.38,320.794,401.89,475.66,536.368,615.864,686.161,760.262,846.412,913.609,949.7,949.7,949.7,949.7,949.7,949.7,949.7,949.7
83,3/24/2018,50,50,50,50,50,50,50,50,50,50,50,60.097,86.983,130.022,175.64,218.611,269.184,328.116,410.487,484.271,545.101,623.9,694.391,768.849,855.184,921.674,949.7,949.7,949.7,949.7,949.7,949.7,949.7,949.7
84,3/25/2018,50,50,50,50,50,50,50,50,50,50,50,64.26,91.436,135.098,181.723,224.973,276.042,335.546,418.771,492.878,553.613,631.988,702.099,777.503,863.963,929.534,949.7,949.7,949.7,949.7,949.7,949.7,949.7,949.7
85,3/26/2018,50,50,50,50,50,50,50,50,50,50,50,68.458,95.986,140.237,187.837,231.354,282.955,343.086,426.416,501.455,561.861,640.129,709.739,786.226,872.751,937.189,949.7,949.7,949.7,949.7,949.7,949.7,949.7,949.7
86,3/27/2018,50,50,50,50,50,50,50,50,50,50,50,72.691,100.635,145.44,193.95,237.755,289.923,350.736,433.229,509.838,570.157,648.339,717.524,795.016,881.546,944.639,949.7,949.7,949.7,949.7,949.7,949.7,949.7,949.7
87,3/28/2018,50,50,50,50,50,50,50,50,50,50,50,76.959,105.475,150.707,200.079,244.175,296.945,358.495,440.816,518.242,578.499,656.643,725.452,804.557,890.349,949.7,949.7,949.7,949.7,949.7,949.7,949.7,949.7,949.7
88,3/29/2018,50,50,50,50,50,50,50,50,50,50,50,81.263,110.398,156.038,206.266,250.614,304.147,366.364,449.673,526.667,586.888,664.973,733.524,814.089,899.16,949.7,949.7,949.7,949.7,949.7,949.7,949.7,949.7,949.7
89,3/30/2018,50,50,50,50,50,50,50,50,50,50,50,85.601,115.366,161.433,212.511,257.073,311.441,374.342,459.942,535.114,595.324,673.329,741.741,823.516,907.979,949.7,949.7,949.7,949.7,949.7,949.7,949.7,949.7,949.7
90,3/31/2018,50,50,50,50,50,50,50,50,50,50,50,89.974,120.378,166.892,218.813,263.551,318.638,382.429,469.32,543.583,603.807,681.709,750.271,832.838,916.806,949.7,949.7,949.7,949.7,949.7,949.7,949.7,949.7,949.7
91,4/1/2018,0,0,0,0,0,0,0,0,0,50,52.231,94.382,125.435,172.414,225.173,270.048,325.74,390.627,477.017,552.072,612.337,690.115,758.981,842.054,925.64,949.7,949.7,949.7,949.7,949.7,949.7,949.7,949.7,949.7
92,4/2/2018,0,0,0,0,0,0,0,0,0,50,56.739,98.852,130.605,177.995,231.684,276.565,332.613,399.583,483.617,560.584,621.044,698.634,767.717,851.166,934.482,949.7,949.7,949.7,949.7,949.7,949.7,949.7,949.7,949.7
93,4/3/2018,0,0,0,0,0,0,0,0,0,50,61.273,103.37,135.966,183.607,238.257,282.928,339.359,408.761,490.656,569.117,629.904,707.248,776.481,860.173,943.333,949.7,949.7,949.7,949.7,949.7,949.7,949.7,949.7,949.7
94,4/4/2018,0,0,0,0,0,0,0,0,2.463,50,65.833,107.915,141.333,189.289,244.864,289.437,346.264,417.825,498.246,577.671,638.773,715.808,785.271,869.074,949.7,949.7,949.7,949.7,949.7,949.7,949.7,949.7,949.7,949.7
95,4/5/2018,0,0,0,0,0,0,0,0,5.772,50,70.418,112.488,146.706,195.04,251.507,296.097,353.327,426.775,507.138,586.246,647.651,724.314,794.088,877.871,949.7,949.7,949.7,949.7,949.7,949.7,949.7,949.7,949.7,949.7
96,4/6/2018,0,0,0,0,0,0,0,0,9.112,50,75.03,117.086,152.084,200.861,258.185,303.038,360.548,435.612,516.019,594.844,656.54,732.766,803.31,886.563,949.7,949.7,949.7,949.7,949.7,949.7,949.7,949.7,949.7,949.7
97,4/7/2018,0,0,0,0,0,0,0,0,12.484,52.703,79.668,121.712,157.468,206.752,264.897,310.366,367.928,444.335,524.887,603.462,665.438,741.165,812.422,895.15,949.7,949.7,949.7,949.7,949.7,949.7,949.7,949.7,949.7,949.7
98,4/8/2018,0,0,0,0,0,0,0,0,15.886,56.745,84.332,126.365,162.858,212.712,271.644,317.766,375.469,452.945,533.744,612.102,674.345,749.288,821.387,903.632,949.7,949.7,949.7,949.7,949.7,949.7,949.7,949.7,949.7,949.7
99,4/9/2018,0,0,0,0,0,0,0,0,19.318,60.823,89.021,131.044,168.254,218.741,278.427,325.237,383.171,461.442,542.588,620.764,683.262,757.32,830.206,912.009,949.7,949.7,949.7,949.7,949.7,949.7,949.7,949.7,949.7,949.7
100,4/10/2018,0,0,0,0,0,0,0,0,22.782,64.937,93.737,135.75,173.655,224.84,285.244,332.779,391.032,469.824,551.115,629.447,692.189,765.43,838.878,920.28,949.7,949.7,949.7,949.7,949.7,949.7,949.7,949.7,949.7,949.7
101,4/11/2018,0,0,0,0,0,0,0,0,26.277,69.086,98.479,140.482,179.062,231.009,292.096,340.392,399.054,477.788,559.592,638.151,701.126,773.619,847.181,928.447,949.7,949.7,949.7,949.7,949.7,949.7,949.7,949.7,949.7,949.7
102,4/12/2018,0,0,0,0,0,0,0,0,29.802,73.272,103.318,145.242,184.475,237.247,298.983,348.077,407.657,485.494,568.249,646.877,710.072,781.885,854.953,936.509,949.7,949.7,949.7,949.7,949.7,949.7,949.7,949.7,949.7,949.7
103,4/13/2018,0,0,0,0,0,0,0,0.482,33.359,77.494,108.196,150.028,189.893,243.555,305.883,355.833,416.471,493.32,577.087,655.566,719.027,790.23,862.845,944.466,949.7,949.7,949.7,949.7,949.7,949.7,949.7,949.7,949.7,949.7
104,4/14/2018,0,0,0,0,0,0,0,3.143,36.946,81.753,113.079,154.6,195.317,249.932,312.812,363.661,425.175,501.266,586.105,664.195,727.993,798.891,870.858,949.7,949.7,949.7,949.7,949.7,949.7,949.7,949.7,949.7,949.7,949.7
105,4/15/2018,0,0,0,0,0,0,0,5.889,40.564,86.047,117.967,159.147,200.34,256.379,319.787,371.56,433.767,509.332,595.304,672.863,736.968,807.763,878.991,949.7,949.7,949.7,949.7,949.7,949.7,949.7,949.7,949.7,949.7,949.7
106,4/16/2018,0,0,0,0,0,0,0,8.719,44.214,90.377,122.859,163.798,205.346,262.895,326.808,379.53,442.247,517.517,605.08,681.57,745.952,816.522,887.245,949.7,949.7,949.7,949.7,949.7,949.7,949.7,949.7,949.7,949.7,949.7
107,4/17/2018,0,0,0,0,0,0,0,11.633,47.9,94.743,127.756,168.554,210.473,269.412,333.876,387.892,450.617,526.222,614.545,690.314,755.419,825.168,895.619,949.7,949.7,949.7,949.7,949.7,949.7,949.7,949.7,949.7,949.7,949.7
108,4/18/2018,0,0,0,0,0,0,0,14.632,51.63,99.145,132.658,173.414,215.721,275.954,340.99,396.552,458.034,535.205,622.723,699.098,764.881,833.702,904.114,949.7,949.7,949.7,949.7,949.7,949.7,949.7,949.7,949.7,949.7,949.7
109,4/19/2018,0,0,0,0,0,0,0,17.715,55.388,103.583,137.564,178.38,221.089,282.575,348.151,405.192,465.581,544.248,630.444,707.92,774.288,842.122,912.729,949.7,949.7,949.7,949.7,949.7,949.7,949.7,949.7,949.7,949.7,949.7
110,4/20/2018,0,0,0,0,0,0,0,20.916,59.176,108.058,142.475,183.449,226.577,289.273,355.121,413.81,473.36,553.349,638.893,716.78,783.642,850.011,921.465,949.7,949.7,949.7,949.7,949.7,949.7,949.7,949.7,949.7,949.7,949.7
111,4/21/2018,0,0,0,0,0,0,1.036,24.34,62.993,112.568,147.391,188.623,232.186,296.049,361.929,422.406,481.37,562.509,648.2,725.679,792.942,857.756,930.321,949.7,949.7,949.7,949.7,949.7,949.7,949.7,949.7,949.7,949.7,949.7
112,4/22/2018,0,0,0,0,0,0,4.336,27.8,66.839,117.114,152.223,193.902,237.915,302.902,368.876,430.981,489.611,571.728,658.467,734.617,802.189,865.614,939.298,949.7,949.7,949.7,949.7,949.7,949.7,949.7,949.7,949.7,949.7,949.7
113,4/23/2018,0,0,0,0,0,0,7.649,31.298,70.715,121.697,156.939,199.285,243.765,309.834,375.961,439.535,498.085,581.007,668.733,743.593,811.381,873.585,948.396,949.7,949.7,949.7,949.7,949.7,949.7,949.7,949.7,949.7,949.7,949.7
114,4/24/2018,0,0,0,0,0,0,10.974,34.833,74.62,126.315,161.713,204.871,249.735,316.843,383.184,448.068,507.151,590.344,679.216,752.608,820.52,881.668,949.7,949.7,949.7,949.7,949.7,949.7,949.7,949.7,949.7,949.7,949.7,949.7
115,4/25/2018,0,0,0,0,0,0,14.311,38.405,78.554,130.97,166.544,210.556,256.4,323.93,390.546,456.579,516.499,599.74,689.453,761.661,829.605,889.865,949.7,949.7,949.7,949.7,949.7,949.7,949.7,949.7,949.7,949.7,949.7,949.7
116,4/26/2018,0,0,0,0,0,0,17.66,42.013,82.517,135.66,171.433,216.31,263.318,331.095,398.046,465.069,525.831,609.196,698.908,770.753,838.636,898.174,949.7,949.7,949.7,949.7,949.7,949.7,949.7,949.7,949.7,949.7,949.7,949.7
117,4/27/2018,0,0,0,0,0,0,21.021,45.659,86.51,140.387,176.379,222.134,270.296,338.338,405.685,473.537,535.146,618.71,707.543,779.883,847.614,906.596,949.7,949.7,949.7,949.7,949.7,949.7,949.7,949.7,949.7,949.7,949.7,949.7
118,4/28/2018,0,0,0,0,0,0,24.395,49.342,90.532,145.149,181.383,228.028,277.336,345.658,413.462,481.984,544.444,628.283,716.384,789.051,856.538,915.131,949.7,949.7,949.7,949.7,949.7,949.7,949.7,949.7,949.7,949.7,949.7,949.7
119,4/29/2018,0,0,0,0,0,0,27.78,53.081,94.583,149.948,186.445,233.991,284.437,353.056,421.378,490.41,553.604,637.916,725.43,798.259,865.408,923.778,949.7,949.7,949.7,949.7,949.7,949.7,949.7,949.7,949.7,949.7,949.7,949.7
120,4/30/2018,0,0,0,0,0,0,31.178,56.854,98.664,154.783,191.564,240.024,291.598,360.532,429.431,498.814,561.707,647.607,734.681,807.505,874.224,932.538,949.7,949.7,949.7,949.7,949.7,949.7,949.7,949.7,949.7,949.7,949.7,949.7
121,5/1/2018,0,0,0,0,0,0,34.588,60.642,102.773,159.653,196.74,246.126,298.821,368.086,437.624,506.914,570.041,657.358,744.137,816.883,882.986,941.411,949.7,949.7,949.7,949.7,949.7,949.7,949.7,949.7,949.7,949.7,949.7,949.7
122,5/2/2018,0,0,0,0,0,0,38.011,64.446,106.912,164.56,201.954,252.298,306.105,375.718,446.18,514.987,578.605,667.167,754.428,826.504,891.695,949.7,949.7,949.7,949.7,949.7,949.7,949.7,949.7,949.7,949.7,949.7,949.7,949.7
123,5/3/2018,0,0,0,0,0,2.805,41.445,68.049,111.08,169.503,207.223,258.539,313.449,383.427,454.832,523.2,587.399,677.035,764.684,836.065,900.35,949.7,949.7,949.7,949.7,949.7,949.7,949.7,949.7,949.7,949.7,949.7,949.7,949.7
124,5/4/2018,0,0,0,0,0,6.095,44.892,71.683,115.278,174.482,212.556,264.85,320.855,391.214,463.536,531.554,596.423,686.963,774.795,845.565,908.951,949.7,949.7,949.7,949.7,949.7,949.7,949.7,949.7,949.7,949.7,949.7,949.7,949.7
125,5/5/2018,0,0,0,0,0,9.384,48.35,75.354,119.505,179.497,217.953,271.23,328.322,399.079,472.292,540.048,605.676,696.949,784.763,855.004,917.499,949.7,949.7,949.7,949.7,949.7,949.7,949.7,949.7,949.7,949.7,949.7,949.7,949.7
126,5/6/2018,0,0,0,0,0,12.673,51.821,79.064,123.761,184.547,223.413,277.68,335.849,407.022,481.099,548.682,615.16,706.994,794.586,864.382,925.992,949.7,949.7,949.7,949.7,949.7,949.7,949.7,949.7,949.7,949.7,949.7,949.7,949.7
127,5/7/2018,0,0,0,0,0,15.96,55.305,82.812,128.046,189.739,228.937,284.199,343.438,415.042,489.957,557.771,624.873,717.099,804.317,873.7,934.432,949.7,949.7,949.7,949.7,949.7,949.7,949.7,949.7,949.7,949.7,949.7,949.7,949.7
128,5/8/2018,0,0,0,0,0,19.246,58.8,86.597,132.36,195.012,234.525,290.788,351.088,423.141,498.866,567.025,634.817,727.098,813.864,882.957,942.818,949.7,949.7,949.7,949.7,949.7,949.7,949.7,949.7,949.7,949.7,949.7,949.7,949.7
129,5/9/2018,0,0,0,0,0,22.531,62.307,90.421,136.704,200.293,240.176,297.446,358.799,431.317,507.746,576.335,644.99,737.196,823.218,892.154,949.7,949.7,949.7,949.7,949.7,949.7,949.7,949.7,949.7,949.7,949.7,949.7,949.7,949.7
130,5/10/2018,0,0,0,0,0,25.815,65.827,94.283,141.077,205.583,245.891,304.174,366.57,439.571,516.679,585.702,655.575,747.4,832.181,901.29,949.7,949.7,949.7,949.7,949.7,949.7,949.7,949.7,949.7,949.7,949.7,949.7,949.7,949.7
131,5/11/2018,0,0,0,0,0,29.098,69.359,98.182,145.479,210.881,251.669,310.971,374.403,447.903,525.671,595.125,666.439,757.709,841.189,910.365,949.7,949.7,949.7,949.7,949.7,949.7,949.7,949.7,949.7,949.7,949.7,949.7,949.7,949.7
132,5/12/2018,0,0,0,0,0,32.38,72.903,102.12,149.74,216.188,257.498,317.838,382.297,456.312,534.724,604.604,677.361,768.123,850.212,919.379,949.7,949.7,949.7,949.7,949.7,949.7,949.7,949.7,949.7,949.7,949.7,949.7,949.7,949.7
133,5/13/2018,0,0,0,0,0,35.66,76.459,106.095,154.037,221.503,263.389,324.775,390.251,464.799,543.837,614.14,688.34,778.642,859.62,928.333,949.7,949.7,949.7,949.7,949.7,949.7,949.7,949.7,949.7,949.7,949.7,949.7,949.7,949.7
134,5/14/2018,0,0,0,0,0,38.94,80.028,110.109,158.375,226.827,269.345,331.781,398.267,473.365,553.01,623.733,699.377,789.267,869.681,937.226,949.7,949.7,949.7,949.7,949.7,949.7,949.7,949.7,949.7,949.7,949.7,949.7,949.7,949.7
135,5/15/2018,0,0,0,0,0,42.219,83.608,114.161,162.754,232.159,275.368,338.856,406.344,482.007,562.243,633.381,710.558,799.996,880.868,946.058,949.7,949.7,949.7,949.7,949.7,949.7,949.7,949.7,949.7,949.7,949.7,949.7,949.7,949.7
136,5/16/2018,0,0,0,0,0,45.496,87.201,118.25,167.174,237.5,281.456,346.001,414.482,490.737,571.536,643.087,721.764,810.831,892.04,949.7,949.7,949.7,949.7,949.7,949.7,949.7,949.7,949.7,949.7,949.7,949.7,949.7,949.7,949.7
137,5/17/2018,0,0,0,0,0,48.772,90.806,122.378,171.635,242.849,287.61,353.216,422.68,500.117,580.889,652.848,732.969,821.771,900.93,949.7,949.7,949.7,949.7,949.7,949.7,949.7,949.7,949.7,949.7,949.7,949.7,949.7,949.7,949.7
138,5/18/2018,0,0,0,0,0,52.048,94.423,126.544,176.137,248.207,293.831,360.5,430.94,509.501,590.302,662.666,744.174,832.816,909.644,949.7,949.7,949.7,949.7,949.7,949.7,949.7,949.7,949.7,949.7,949.7,949.7,949.7,949.7,949.7
139,5/19/2018,0,0,0,0,2.186,55.322,98.053,130.747,180.68,253.574,300.117,367.853,439.261,518.89,599.775,672.541,755.302,843.967,918.676,949.7,949.7,949.7,949.7,949.7,949.7,949.7,949.7,949.7,949.7,949.7,949.7,949.7,949.7,949.7
140,5/20/2018,0,0,0,0,4.867,58.595,101.694,134.989,185.264,258.758,306.469,375.276,447.642,528.283,609.308,682.472,766.311,855.222,928.024,949.7,949.7,949.7,949.7,949.7,949.7,949.7,949.7,949.7,949.7,949.7,949.7,949.7,949.7,949.7
141,5/21/2018,0,0,0,0,7.565,61.867,105.348,139.268,189.888,263.822,312.887,382.769,456.085,537.681,618.901,692.459,777.375,866.583,937.69,949.7,949.7,949.7,949.7,949.7,949.7,949.7,949.7,949.7,949.7,949.7,949.7,949.7,949.7,949.7
142,5/22/2018,0,0,0,0,10.283,65.138,109.014,143.586,194.554,268.966,319.37,390.331,464.589,547.083,628.554,702.503,788.492,878.049,947.673,949.7,949.7,949.7,949.7,949.7,949.7,949.7,949.7,949.7,949.7,949.7,949.7,949.7,949.7,949.7
143,5/23/2018,0,0,0,0,13.018,68.408,112.692,147.963,199.26,274.189,325.92,397.963,473.154,556.49,638.267,712.604,799.662,889.62,949.7,949.7,949.7,949.7,949.7,949.7,949.7,949.7,949.7,949.7,949.7,949.7,949.7,949.7,949.7,949.7
144,5/24/2018,0,0,0,0,15.772,71.677,116.383,152.414,204.008,279.491,332.536,405.664,481.779,565.901,648.041,722.76,810.887,901.297,949.7,949.7,949.7,949.7,949.7,949.7,949.7,949.7,949.7,949.7,949.7,949.7,949.7,949.7,949.7,949.7
145,5/25/2018,0,0,0,0,18.543,74.895,120.085,156.887,208.796,284.873,339.217,413.435,490.466,575.317,657.874,732.974,822.165,913.079,949.7,949.7,949.7,949.7,949.7,949.7,949.7,949.7,949.7,949.7,949.7,949.7,949.7,949.7,949.7,949.7
146,5/26/2018,0,0,0,0,21.334,78,123.8,161.383,213.625,290.335,345.964,421.275,499.214,584.738,667.767,743.243,833.497,924.965,949.7,949.7,949.7,949.7,949.7,949.7,949.7,949.7,949.7,949.7,949.7,949.7,949.7,949.7,949.7,949.7
147,5/27/2018,0,0,0,0,24.142,81.114,127.421,165.901,218.495,295.876,352.75,429.185,508.023,594.162,677.721,753.569,844.883,936.957,949.7,949.7,949.7,949.7,949.7,949.7,949.7,949.7,949.7,949.7,949.7,949.7,949.7,949.7,949.7,949.7
148,5/28/2018,0,0,0,0,26.969,84.238,131.042,170.441,223.406,301.496,359.516,437.164,516.892,603.592,687.734,763.952,856.097,949.055,949.7,949.7,949.7,949.7,949.7,949.7,949.7,949.7,949.7,949.7,949.7,949.7,949.7,949.7,949.7,949.7
149,5/29/2018,0,0,0,0,29.814,87.37,134.69,175.003,228.358,307.197,366.443,445.213,525.823,613.026,697.808,774.391,867.213,949.7,949.7,949.7,949.7,949.7,949.7,949.7,949.7,949.7,949.7,949.7,949.7,949.7,949.7,949.7,949.7,949.7
150,5/30/2018,0,0,0,0,32.677,90.513,138.365,179.587,233.351,312.977,373.529,453.331,534.815,622.465,707.941,784.886,878.707,949.7,949.7,949.7,949.7,949.7,949.7,949.7,949.7,949.7,949.7,949.7,949.7,949.7,949.7,949.7,949.7,949.7
151,5/31/2018,0,0,0,0,35.593,93.664,142.067,184.193,238.385,319.183,380.54,461.519,543.868,631.908,718.135,795.438,890.58,949.7,949.7,949.7,949.7,949.7,949.7,949.7,949.7,949.7,949.7,949.7,949.7,949.7,949.7,949.7,949.7,949.7
152,6/1/2018,0,0,0,1.779,38.539,96.825,145.796,188.891,243.46,325.771,387.696,469.776,552.982,641.355,728.388,806.046,902.831,949.7,949.7,949.7,949.7,949.7,949.7,949.7,949.7,949.7,949.7,949.7,949.7,949.7,949.7,949.7,949.7,949.7
153,6/2/2018,0,0,0,3.632,41.482,99.995,149.551,193.689,248.576,332.365,395.413,478.103,562.156,650.807,738.702,816.711,915.46,949.7,949.7,949.7,949.7,949.7,949.7,949.7,949.7,949.7,949.7,949.7,949.7,949.7,949.7,949.7,949.7,949.7
154,6/3/2018,0,0,0,5.531,44.421,103.175,153.333,198.482,253.732,338.963,404.161,486.499,571.392,660.264,749.075,827.432,928.467,949.7,949.7,949.7,949.7,949.7,949.7,949.7,949.7,949.7,949.7,949.7,949.7,949.7,949.7,949.7,949.7,949.7
155,6/4/2018,0,0,0,7.475,47.357,106.363,157.142,203.27,258.93,345.568,413.692,494.965,580.689,669.725,759.509,838.21,941.853,949.7,949.7,949.7,949.7,949.7,949.7,949.7,949.7,949.7,949.7,949.7,949.7,949.7,949.7,949.7,949.7,949.7
156,6/5/2018,0,0,0,9.465,50.29,109.561,160.977,208.053,264.168,352.178,422.56,503.501,590.047,679.191,770.003,849.044,949.7,949.7,949.7,949.7,949.7,949.7,949.7,949.7,949.7,949.7,949.7,949.7,949.7,949.7,949.7,949.7,949.7,949.7
157,6/6/2018,0,0,0,11.53,53.22,112.769,164.84,212.831,269.448,358.793,429.918,512.106,599.466,688.661,780.556,859.934,949.7,949.7,949.7,949.7,949.7,949.7,949.7,949.7,949.7,949.7,949.7,949.7,949.7,949.7,949.7,949.7,949.7,949.7
158,6/7/2018,0,0,0,13.786,56.145,115.985,168.729,217.605,274.768,365.413,436.735,520.78,608.945,698.136,791.17,870.881,949.7,949.7,949.7,949.7,949.7,949.7,949.7,949.7,949.7,949.7,949.7,949.7,949.7,949.7,949.7,949.7,949.7,949.7
159,6/8/2018,0,0,0,16.038,59.068,119.211,172.644,222.373,280.13,372.04,443.938,529.524,618.486,707.615,801.844,881.884,949.7,949.7,949.7,949.7,949.7,949.7,949.7,949.7,949.7,949.7,949.7,949.7,949.7,949.7,949.7,949.7,949.7,949.7
160,6/9/2018,0,0,0,18.287,61.987,122.446,176.587,227.137,285.532,378.671,451.594,538.338,628.088,717.099,812.578,892.944,949.7,949.7,949.7,949.7,949.7,949.7,949.7,949.7,949.7,949.7,949.7,949.7,949.7,949.7,949.7,949.7,949.7,949.7
161,6/10/2018,0,0,0,20.534,64.904,125.691,180.556,231.895,290.975,385.308,460.371,547.221,637.751,726.587,823.372,904.06,949.7,949.7,949.7,949.7,949.7,949.7,949.7,949.7,949.7,949.7,949.7,949.7,949.7,949.7,949.7,949.7,949.7,949.7
162,6/11/2018,0,0,0,22.776,67.818,128.945,184.552,236.649,296.459,391.951,469.168,556.173,647.475,736.08,834.226,915.233,949.7,949.7,949.7,949.7,949.7,949.7,949.7,949.7,949.7,949.7,949.7,949.7,949.7,949.7,949.7,949.7,949.7,949.7
163,6/12/2018,0,0,0,25.016,70.747,132.208,188.575,241.398,301.984,398.599,477.984,565.195,657.259,745.577,845.139,0,949.7,949.7,949.7,949.7,949.7,949.7,949.7,949.7,949.7,949.7,949.7,949.7,949.7,949.7,949.7,949.7,949.7,949.7
164,6/13/2018,0,0,0,27.253,73.687,135.48,192.624,246.142,307.55,405.252,486.82,574.287,667.105,755.079,856.113,0,949.7,949.7,949.7,949.7,949.7,949.7,949.7,949.7,949.7,949.7,949.7,949.7,949.7,949.7,949.7,949.7,949.7,949.7
165,6/14/2018,0,0,0,29.486,76.619,138.762,196.701,250.881,313.157,411.911,495.676,583.448,677.012,764.586,0,0,949.7,949.7,949.7,949.7,949.7,949.7,949.7,949.7,949.7,949.7,949.7,949.7,949.7,949.7,949.7,949.7,949.7,949.7
166,6/15/2018,0,0,0,31.701,79.54,142.053,200.804,255.615,318.804,418.576,504.551,592.679,686.98,774.097,0,0,949.7,949.7,949.7,949.7,949.7,949.7,949.7,949.7,949.7,949.7,949.7,949.7,949.7,949.7,949.7,949.7,949.7,949.7
167,6/16/2018,0,0,0,33.914,82.453,145.353,204.934,260.344,324.493,425.245,513.446,601.979,697.009,783.612,0,0,949.7,949.7,949.7,949.7,949.7,949.7,949.7,949.7,949.7,949.7,949.7,949.7,949.7,949.7,949.7,949.7,949.7,949.7
168,6/17/2018,0,0,0,36.128,85.356,148.663,209.09,265.068,330.223,431.921,522.361,611.348,707.099,0,0,0,949.7,949.7,949.7,949.7,949.7,949.7,949.7,949.7,949.7,949.7,949.7,949.7,949.7,949.7,949.7,949.7,949.7,949.7
169,6/18/2018,0,0,0,38.346,88.25,151.982,213.273,269.788,335.993,438.601,531.296,620.788,717.249,0,0,0,949.7,949.7,949.7,949.7,949.7,949.7,949.7,949.7,949.7,949.7,949.7,949.7,949.7,949.7,949.7,949.7,949.7,949.7
170,6/19/2018,0,0,0,40.565,91.135,155.31,217.483,274.502,341.805,445.288,540.25,630.296,727.461,0,0,0,949.7,949.7,949.7,949.7,949.7,949.7,949.7,949.7,949.7,949.7,949.7,949.7,949.7,949.7,949.7,949.7,949.7,949.7
171,6/20/2018,0,0,1.6011,42.787,94.01,158.647,221.72,279.212,347.657,451.979,549.224,639.875,0,0,0,0,949.7,949.7,949.7,949.7,949.7,949.7,949.7,949.7,949.7,949.7,949.7,949.7,949.7,949.7,949.7,949.7,949.7,949.7
172,6/21/2018,0,0,3.2688,45.011,96.876,161.994,225.984,283.917,353.55,458.676,558.218,649.522,0,0,0,0,949.7,949.7,949.7,949.7,949.7,949.7,949.7,949.7,949.7,949.7,949.7,949.7,949.7,949.7,949.7,949.7,949.7,949.7
173,6/22/2018,0,0,4.9779,47.238,99.733,165.35,230.274,288.617,359.485,465.379,567.232,659.24,0,0,0,0,949.7,949.7,949.7,949.7,949.7,949.7,949.7,949.7,949.7,949.7,949.7,949.7,949.7,949.7,949.7,949.7,949.7,949.7
174,6/23/2018,0,0,6.7275,49.546,102.581,168.716,234.591,293.311,365.46,472.087,576.265,0,0,0,0,0,949.7,949.7,949.7,949.7,949.7,949.7,949.7,949.7,949.7,949.7,949.7,949.7,949.7,949.7,949.7,949.7,949.7,949.7
175,6/24/2018,0,0,8.5185,51.832,105.419,172.09,238.935,298.002,371.476,478.8,585.318,0,0,0,0,0,949.7,949.7,949.7,949.7,949.7,949.7,949.7,949.7,949.7,949.7,949.7,949.7,949.7,949.7,949.7,949.7,949.7,949.7
176,6/25/2018,0,0,10.377,54.094,108.248,175.474,243.305,302.687,377.533,485.519,0,0,0,0,0,0,949.7,949.7,949.7,949.7,949.7,949.7,949.7,949.7,949.7,949.7,949.7,949.7,949.7,949.7,949.7,949.7,949.7,949.7
177,6/26/2018,0,0,12.4074,56.331,111.068,178.868,247.702,307.367,383.631,0,0,0,0,0,0,0,949.7,949.7,949.7,949.7,949.7,949.7,949.7,949.7,949.7,949.7,949.7,949.7,949.7,949.7,949.7,949.7,949.7,949.7
178,6/27/2018,0,0,14.4342,58.544,113.879,182.27,252.126,312.042,389.77,0,0,0,0,0,0,0,949.7,949.7,949.7,949.7,949.7,949.7,949.7,949.7,949.7,949.7,949.7,949.7,949.7,949.7,949.7,949.7,949.7,949.7
179,6/28/2018,0,0,16.4583,60.731,116.68,185.682,256.577,316.713,395.95,0,0,0,0,0,0,0,949.7,949.7,949.7,949.7,949.7,949.7,949.7,949.7,949.7,949.7,949.7,949.7,949.7,949.7,949.7,949.7,949.7,949.7
180,6/29/2018,0,0,18.4806,62.895,119.472,189.103,261.055,321.378,402.17,0,0,0,0,0,0,0,949.7,949.7,949.7,949.7,949.7,949.7,949.7,949.7,949.7,949.7,949.7,949.7,949.7,949.7,949.7,949.7,949.7,949.7
181,6/30/2018,0,0,20.4984,65.033,122.255,192.534,265.559,326.039,408.432,0,0,0,0,0,0,0,949.7,949.7,949.7,949.7,949.7,949.7,949.7,949.7,949.7,949.7,949.7,949.7,949.7,949.7,949.7,949.7,949.7,949.7
182,7/1/2018,0,0.1,22.5144,67.147,125.029,195.974,270.09,330.695,420,0,0,0,0,0,0,0,949.7,949.7,949.7,949.7,949.7,949.7,949.7,949.7,949.7,949.7,949.7,949.7,949.7,949.7,949.7,949.7,949.7,949.7
183,7/2/2018,0,0.4,24.5277,69.236,127.793,199.423,274.648,335.346,0,0,0,0,0,0,0,0,949.7,949.7,949.7,949.7,949.7,949.7,949.7,949.7,949.7,949.7,949.7,949.7,949.7,949.7,949.7,949.7,949.7,949.7
184,7/3/2018,0,1.44099,26.5374,71.3,130.548,202.881,0,0,0,0,0,0,0,0,0,0,949.7,949.7,949.7,949.7,949.7,949.7,949.7,949.7,949.7,949.7,949.7,949.7,949.7,949.7,949.7,949.7,949.7,949.7
185,7/4/2018,0,2.94192,28.5309,73.34,133.293,206.349,0,0,0,0,0,0,0,0,0,0,949.7,949.7,949.7,949.7,949.7,949.7,949.7,949.7,949.7,949.7,949.7,949.7,949.7,949.7,949.7,949.7,949.7,949.7
186,7/5/2018,0,4.48011,30.5226,75.355,136.03,209.826,0,0,0,0,0,0,0,0,0,0,949.7,949.7,949.7,949.7,949.7,949.7,949.7,949.7,949.7,949.7,949.7,949.7,949.7,949.7,949.7,949.7,949.7,949.7
187,7/6/2018,0,6.05475,32.5152,77.346,138.757,213.312,0,0,0,0,0,0,0,0,0,0,949.7,949.7,949.7,949.7,949.7,949.7,949.7,949.7,949.7,949.7,949.7,949.7,949.7,949.7,949.7,949.7,949.7,949.7
188,7/7/2018,0,7.66665,34.5114,79.312,141.475,0,0,0,0,0,0,0,0,0,0,0,949.7,949.7,949.7,949.7,949.7,949.7,949.7,949.7,949.7,949.7,949.7,949.7,949.7,949.7,949.7,949.7,949.7,949.7
189,7/8/2018,0,9.3393,36.5085,81.253,144.184,0,0,0,0,0,0,0,0,0,0,0,949.7,949.7,949.7,949.7,949.7,949.7,949.7,949.7,949.7,949.7,949.7,949.7,949.7,949.7,949.7,949.7,949.7,949.7
190,7/9/2018,0,11.16666,38.5083,83.169,0,0,0,0,0,0,0,0,0,0,0,0,949.7,949.7,949.7,949.7,949.7,949.7,949.7,949.7,949.7,949.7,949.7,949.7,949.7,949.7,949.7,949.7,949.7,949.7
191,7/10/2018,0,12.99078,40.5099,0,0,0,0,0,0,0,0,0,0,0,0,0,949.7,949.7,949.7,949.7,949.7,949.7,949.7,949.7,949.7,949.7,949.7,949.7,949.7,949.7,949.7,949.7,949.7,949.7
192,7/11/2018,0,14.81247,42.5142,0,0,0,0,0,0,0,0,0,0,0,0,0,949.7,949.7,949.7,949.7,949.7,949.7,949.7,949.7,949.7,949.7,949.7,949.7,949.7,949.7,949.7,949.7,949.7,949.7
193,7/12/2018,0,16.63254,44.5914,0,0,0,0,0,0,0,0,0,0,0,0,0,949.7,949.7,949.7,949.7,949.7,949.7,949.7,949.7,949.7,949.7,949.7,949.7,949.7,949.7,949.7,949.7,949.7,949.7
194,7/13/2018,0,18.44856,46.6488,0,0,0,0,0,0,0,0,0,0,0,0,0,949.7,949.7,949.7,949.7,949.7,949.7,949.7,949.7,949.7,949.7,949.7,949.7,949.7,949.7,949.7,949.7,949.7,949.7
195,7/14/2018,0,20.26296,48.6846,0,0,0,0,0,0,0,0,0,0,0,0,0,949.7,949.7,949.7,949.7,949.7,949.7,949.7,949.7,949.7,949.7,949.7,949.7,949.7,949.7,949.7,949.7,949.7,949.7
196,7/15/2018,0,22.07493,50.6979,0,0,0,0,0,0,0,0,0,0,0,0,0,949.7,949.7,949.7,949.7,949.7,949.7,949.7,949.7,949.7,949.7,949.7,949.7,949.7,949.7,949.7,949.7,949.7,949.7
